scenario_label,protocol,window,loss,err,inject,file,file_size_bytes,total_frames,transmissions,retransmissions,elapsed_sec,throughput_kbps,efficiency_percent,integrity_pass
SAW_Ideal,saw,1,0.0,0.0,none,batch_file_04.txt,710,16,16,0,0.003,231.12,100.0,True
SAW_Ideal,saw,1,0.0,0.0,none,batch_file_05.txt,780,17,17,0,0.002,380.86,100.0,True
SAW_Ideal,saw,1,0.0,0.0,none,batch_file_06.txt,850,19,19,0,0.003,276.69,100.0,True
SAW_Ideal,saw,1,0.0,0.0,none,batch_file_07.txt,920,20,20,0,0.003,299.48,100.0,True
SAW_Ideal,saw,1,0.0,0.0,none,batch_file_08.txt,990,22,22,0,0.003,322.27,100.0,True
SAW_Ideal,saw,1,0.0,0.0,none,batch_file_09.txt,1060,24,24,0,0.003,345.05,100.0,True
SAW_Ideal,saw,1,0.0,0.0,none,batch_file_10.txt,1130,25,25,0,0.003,367.84,100.0,True
SAW_Ideal,saw,1,0.0,0.0,none,batch_file_11.txt,1200,27,27,0,0.004,292.97,100.0,True
SAW_Ideal,saw,1,0.0,0.0,none,batch_file_12.txt,1270,28,28,0,0.004,310.06,100.0,True
SAW_Ideal,saw,1,0.0,0.0,none,batch_file_13.txt,1340,30,30,0,0.004,327.15,100.0,True
SAW_Loss05,saw,1,0.05,0.05,none,batch_file_07.txt,920,20,22,2,0.305,2.95,90.91,True
SAW_Loss05,saw,1,0.05,0.05,none,batch_file_08.txt,990,22,23,1,0.154,6.28,95.65,True
SAW_Loss05,saw,1,0.05,0.05,none,batch_file_09.txt,1060,24,24,0,0.003,345.05,100.0,True
SAW_Loss05,saw,1,0.05,0.05,none,batch_file_10.txt,1130,25,26,1,0.155,7.12,96.15,True
SAW_Loss05,saw,1,0.05,0.05,none,batch_file_11.txt,1200,27,28,1,0.155,7.56,96.43,True
SAW_Loss05,saw,1,0.05,0.05,none,batch_file_12.txt,1270,28,31,3,0.458,2.71,90.32,True
SAW_Loss05,saw,1,0.05,0.05,none,batch_file_13.txt,1340,30,30,0,0.003,436.2,100.0,True
SAW_Loss05,saw,1,0.05,0.05,none,batch_file_14.txt,1410,31,32,1,0.155,8.88,96.88,True
SAW_Loss05,saw,1,0.05,0.05,none,batch_file_15.txt,1480,33,35,2,0.307,4.71,94.29,True
SAW_Loss05,saw,1,0.05,0.05,none,batch_file_16.txt,1550,34,37,3,0.459,3.3,91.89,True
SAW_Loss15,saw,1,0.15,0.15,none,batch_file_10.txt,1130,25,32,7,1.061,1.04,78.12,True
SAW_Loss15,saw,1,0.15,0.15,none,batch_file_11.txt,1200,27,36,9,1.364,0.86,75.0,True
SAW_Loss15,saw,1,0.15,0.15,none,batch_file_12.txt,1270,28,36,8,1.212,1.02,77.78,True
SAW_Loss15,saw,1,0.15,0.15,none,batch_file_13.txt,1340,30,32,2,0.306,4.28,93.75,True
SAW_Loss15,saw,1,0.15,0.15,none,batch_file_14.txt,1410,31,37,6,0.911,1.51,83.78,True
SAW_Loss15,saw,1,0.15,0.15,none,batch_file_15.txt,1480,33,38,5,0.76,1.9,86.84,True
SAW_Loss15,saw,1,0.15,0.15,none,batch_file_16.txt,1550,34,39,5,0.76,1.99,87.18,True
SAW_Loss15,saw,1,0.15,0.15,none,batch_file_17.txt,1620,36,47,11,1.667,0.95,76.6,True
SAW_Loss15,saw,1,0.15,0.15,none,batch_file_18.txt,1690,37,41,4,0.609,2.71,90.24,True
SAW_Loss15,saw,1,0.15,0.15,none,batch_file_19.txt,1760,39,45,6,0.912,1.88,86.67,True
SAW_DropInject,saw,1,0.0,0.0,drop_0,batch_file_13.txt,1340,30,31,1,0.155,8.44,96.77,True
SAW_DropInject,saw,1,0.0,0.0,drop_0,batch_file_14.txt,1410,31,32,1,0.156,8.83,96.88,True
SAW_DropInject,saw,1,0.0,0.0,drop_0,batch_file_15.txt,1480,33,34,1,0.156,9.26,97.06,True
SAW_DropInject,saw,1,0.0,0.0,drop_0,batch_file_16.txt,1550,34,35,1,0.155,9.77,97.14,True
SAW_DropInject,saw,1,0.0,0.0,drop_0,batch_file_17.txt,1620,36,37,1,0.156,10.14,97.3,True
SAW_DropInject,saw,1,0.0,0.0,drop_0,batch_file_18.txt,1690,37,38,1,0.155,10.65,97.37,True
SAW_DropInject,saw,1,0.0,0.0,drop_0,batch_file_19.txt,1760,39,40,1,0.157,10.95,97.5,True
SAW_DropInject,saw,1,0.0,0.0,drop_0,batch_file_20.txt,1830,40,41,1,0.156,11.46,97.56,True
SAW_DropInject,saw,1,0.0,0.0,drop_0,batch_file_21.txt,1900,42,43,1,0.157,11.82,97.67,True
SAW_DropInject,saw,1,0.0,0.0,drop_0,batch_file_22.txt,1970,43,44,1,0.157,12.25,97.73,True
SAW_CorrInject,saw,1,0.0,0.0,corr_1,batch_file_16.txt,1550,34,34,0,0.004,378.42,100.0,True
SAW_CorrInject,saw,1,0.0,0.0,corr_1,batch_file_17.txt,1620,36,36,0,0.003,527.34,100.0,True
SAW_CorrInject,saw,1,0.0,0.0,corr_1,batch_file_18.txt,1690,37,37,0,0.005,330.08,100.0,True
SAW_CorrInject,saw,1,0.0,0.0,corr_1,batch_file_19.txt,1760,39,39,0,0.004,429.69,100.0,True
SAW_CorrInject,saw,1,0.0,0.0,corr_1,batch_file_20.txt,1830,40,40,0,0.005,357.42,100.0,True
SAW_CorrInject,saw,1,0.0,0.0,corr_1,batch_file_21.txt,1900,42,42,0,0.005,371.09,100.0,True
SAW_CorrInject,saw,1,0.0,0.0,corr_1,batch_file_22.txt,1970,43,43,0,0.006,320.64,100.0,True
SAW_CorrInject,saw,1,0.0,0.0,corr_1,batch_file_23.txt,2040,45,45,0,0.006,332.03,100.0,True
SAW_CorrInject,saw,1,0.0,0.0,corr_1,batch_file_24.txt,2110,46,46,0,0.006,343.42,100.0,True
SAW_CorrInject,saw,1,0.0,0.0,corr_1,batch_file_25.txt,2180,48,48,0,0.005,425.78,100.0,True
GBN_W4_Ideal,gbn,4,0.0,0.0,none,batch_file_19.txt,1760,39,39,0,0.002,859.38,100.0,True
GBN_W4_Ideal,gbn,4,0.0,0.0,none,batch_file_20.txt,1830,40,40,0,0.002,893.55,100.0,True
GBN_W4_Ideal,gbn,4,0.0,0.0,none,batch_file_21.txt,1900,42,42,0,0.002,927.73,100.0,True
GBN_W4_Ideal,gbn,4,0.0,0.0,none,batch_file_22.txt,1970,43,43,0,0.002,961.91,100.0,True
GBN_W4_Ideal,gbn,4,0.0,0.0,none,batch_file_23.txt,2040,45,45,0,0.002,996.09,100.0,True
GBN_W4_Ideal,gbn,4,0.0,0.0,none,batch_file_24.txt,2110,46,46,0,0.002,1030.27,100.0,True
GBN_W4_Ideal,gbn,4,0.0,0.0,none,batch_file_25.txt,2180,48,48,0,0.002,1064.45,100.0,True
GBN_W4_Ideal,gbn,4,0.0,0.0,none,batch_file_26.txt,2250,49,49,0,0.002,1098.63,100.0,True
GBN_W4_Ideal,gbn,4,0.0,0.0,none,batch_file_27.txt,2320,51,51,0,0.002,1132.81,100.0,True
GBN_W4_Ideal,gbn,4,0.0,0.0,none,batch_file_28.txt,2390,52,52,0,0.002,1166.99,100.0,True
GBN_W4_Loss05,gbn,4,0.05,0.05,none,batch_file_22.txt,1970,43,47,4,0.204,9.43,91.49,True
GBN_W4_Loss05,gbn,4,0.05,0.05,none,batch_file_23.txt,2040,45,55,10,0.608,3.28,81.82,True
GBN_W4_Loss05,gbn,4,0.05,0.05,none,batch_file_24.txt,2110,46,58,12,0.611,3.37,79.31,True
GBN_W4_Loss05,gbn,4,0.05,0.05,none,batch_file_25.txt,2180,48,56,8,0.407,5.23,85.71,True
GBN_W4_Loss05,gbn,4,0.05,0.05,none,batch_file_26.txt,2250,49,57,8,0.408,5.39,85.96,True
GBN_W4_Loss05,gbn,4,0.05,0.05,none,batch_file_27.txt,2320,51,80,29,1.623,1.4,63.75,True
GBN_W4_Loss05,gbn,4,0.05,0.05,none,batch_file_28.txt,2390,52,56,4,0.205,11.39,92.86,True
GBN_W4_Loss05,gbn,4,0.05,0.05,none,batch_file_29.txt,2460,54,70,16,0.813,2.95,77.14,True
GBN_W4_Loss05,gbn,4,0.05,0.05,none,batch_file_30.txt,2530,55,59,4,0.207,11.94,93.22,True
GBN_W4_Loss05,gbn,4,0.05,0.05,none,batch_file_31.txt,2600,57,77,20,1.014,2.5,74.03,True
GBN_W4_Loss15,gbn,4,0.15,0.15,none,batch_file_25.txt,2180,48,80,32,1.621,1.31,60.0,True
GBN_W4_Loss15,gbn,4,0.15,0.15,none,batch_file_26.txt,2250,49,100,51,2.634,0.83,49.0,True
GBN_W4_Loss15,gbn,4,0.15,0.15,none,batch_file_27.txt,2320,51,67,16,0.812,2.79,76.12,True
GBN_W4_Loss15,gbn,4,0.15,0.15,none,batch_file_28.txt,2390,52,97,45,2.431,0.96,53.61,True
GBN_W4_Loss15,gbn,4,0.15,0.15,none,batch_file_29.txt,2460,54,78,24,1.218,1.97,69.23,True
GBN_W4_Loss15,gbn,4,0.15,0.15,none,batch_file_30.txt,2530,55,67,12,0.61,4.05,82.09,True
GBN_W4_Loss15,gbn,4,0.15,0.15,none,batch_file_31.txt,2600,57,109,52,2.634,0.96,52.29,True
GBN_W4_Loss15,gbn,4,0.15,0.15,none,batch_file_32.txt,2670,59,95,36,1.825,1.43,62.11,True
GBN_W4_Loss15,gbn,4,0.15,0.15,none,batch_file_33.txt,2740,60,96,36,1.825,1.47,62.5,True
GBN_W4_Loss15,gbn,4,0.15,0.15,none,batch_file_34.txt,2810,62,98,36,1.824,1.5,63.27,True
GBN_W8_Ideal,gbn,8,0.0,0.0,none,batch_file_28.txt,2390,52,52,0,0.001,2333.98,100.0,True
GBN_W8_Ideal,gbn,8,0.0,0.0,none,batch_file_29.txt,2460,54,54,0,0.002,1201.17,100.0,True
GBN_W8_Ideal,gbn,8,0.0,0.0,none,batch_file_30.txt,2530,55,55,0,0.002,1235.35,100.0,True
GBN_W8_Ideal,gbn,8,0.0,0.0,none,batch_file_31.txt,2600,57,57,0,0.002,1269.53,100.0,True
GBN_W8_Ideal,gbn,8,0.0,0.0,none,batch_file_32.txt,2670,59,59,0,0.002,1303.71,100.0,True
GBN_W8_Ideal,gbn,8,0.0,0.0,none,batch_file_33.txt,2740,60,60,0,0.002,1337.89,100.0,True
GBN_W8_Ideal,gbn,8,0.0,0.0,none,batch_file_34.txt,2810,62,62,0,0.002,1372.07,100.0,True
GBN_W8_Ideal,gbn,8,0.0,0.0,none,batch_file_35.txt,2880,63,63,0,0.002,1406.25,100.0,True
GBN_W8_Ideal,gbn,8,0.0,0.0,none,batch_file_36.txt,2950,65,65,0,0.002,1440.43,100.0,True
GBN_W8_Ideal,gbn,8,0.0,0.0,none,batch_file_37.txt,3020,66,66,0,0.003,983.07,100.0,True
GBN_W8_Loss10,gbn,8,0.1,0.1,none,batch_file_31.txt,2600,57,113,56,1.419,1.79,50.44,True
GBN_W8_Loss10,gbn,8,0.1,0.1,none,batch_file_32.txt,2670,59,123,64,1.622,1.61,47.97,True
GBN_W8_Loss10,gbn,8,0.1,0.1,none,batch_file_33.txt,2740,60,114,54,1.622,1.65,52.63,True
GBN_W8_Loss10,gbn,8,0.1,0.1,none,batch_file_34.txt,2810,62,126,64,1.622,1.69,49.21,True
GBN_W8_Loss10,gbn,8,0.1,0.1,none,batch_file_35.txt,2880,63,119,56,1.421,1.98,52.94,True
GBN_W8_Loss10,gbn,8,0.1,0.1,none,batch_file_36.txt,2950,65,146,81,2.226,1.29,44.52,True
GBN_W8_Loss10,gbn,8,0.1,0.1,none,batch_file_37.txt,3020,66,130,64,1.622,1.82,50.77,True
GBN_W8_Loss10,gbn,8,0.1,0.1,none,batch_file_38.txt,3090,68,147,79,2.025,1.49,46.26,True
GBN_W8_Loss10,gbn,8,0.1,0.1,none,batch_file_39.txt,3160,69,129,60,1.62,1.9,53.49,True
GBN_W8_Loss10,gbn,8,0.1,0.1,none,batch_file_40.txt,3230,71,125,54,1.422,2.22,56.8,True
GBN_DropInject,gbn,4,0.0,0.0,drop_2,batch_file_34.txt,2810,62,66,4,0.206,13.32,93.94,True
GBN_DropInject,gbn,4,0.0,0.0,drop_2,batch_file_35.txt,2880,63,67,4,0.206,13.65,94.03,True
GBN_DropInject,gbn,4,0.0,0.0,drop_2,batch_file_36.txt,2950,65,69,4,0.206,13.98,94.2,True
GBN_DropInject,gbn,4,0.0,0.0,drop_2,batch_file_37.txt,3020,66,70,4,0.206,14.32,94.29,True
GBN_DropInject,gbn,4,0.0,0.0,drop_2,batch_file_38.txt,3090,68,72,4,0.205,14.72,94.44,True
GBN_DropInject,gbn,4,0.0,0.0,drop_2,batch_file_39.txt,3160,69,73,4,0.206,14.98,94.52,True
GBN_DropInject,gbn,4,0.0,0.0,drop_2,batch_file_40.txt,3230,71,75,4,0.206,15.31,94.67,True
GBN_DropInject,gbn,4,0.0,0.0,drop_2,batch_file_41.txt,3300,72,76,4,0.206,15.64,94.74,True
GBN_DropInject,gbn,4,0.0,0.0,drop_2,batch_file_42.txt,3370,74,78,4,0.206,15.98,94.87,True
GBN_DropInject,gbn,4,0.0,0.0,drop_2,batch_file_43.txt,3440,75,79,4,0.206,16.31,94.94,True
SR_W4_Ideal,sr,4,0.0,0.0,none,batch_file_37.txt,3020,66,66,0,0.002,1474.61,100.0,True
SR_W4_Ideal,sr,4,0.0,0.0,none,batch_file_38.txt,3090,68,68,0,0.003,1005.86,100.0,True
SR_W4_Ideal,sr,4,0.0,0.0,none,batch_file_39.txt,3160,69,69,0,0.003,1028.65,100.0,True
SR_W4_Ideal,sr,4,0.0,0.0,none,batch_file_40.txt,3230,71,71,0,0.003,1051.43,100.0,True
SR_W4_Ideal,sr,4,0.0,0.0,none,batch_file_41.txt,3300,72,72,0,0.003,1074.22,100.0,True
SR_W4_Ideal,sr,4,0.0,0.0,none,batch_file_42.txt,3370,74,74,0,0.003,1097.01,100.0,True
SR_W4_Ideal,sr,4,0.0,0.0,none,batch_file_43.txt,3440,75,75,0,0.003,1119.79,100.0,True
SR_W4_Ideal,sr,4,0.0,0.0,none,batch_file_44.txt,3510,77,77,0,0.002,1713.87,100.0,True
SR_W4_Ideal,sr,4,0.0,0.0,none,batch_file_45.txt,3580,78,78,0,0.003,1165.36,100.0,True
SR_W4_Ideal,sr,4,0.0,0.0,none,batch_file_46.txt,3650,80,80,0,0.003,1188.15,100.0,True
SR_W4_Loss05,sr,4,0.05,0.05,none,batch_file_40.txt,3230,71,78,7,1.219,2.59,91.03,True
SR_W4_Loss05,sr,4,0.05,0.05,none,batch_file_41.txt,3300,72,75,3,0.61,5.28,96.0,True
SR_W4_Loss05,sr,4,0.05,0.05,none,batch_file_42.txt,3370,74,79,5,0.813,4.05,93.67,True
SR_W4_Loss05,sr,4,0.05,0.05,none,batch_file_43.txt,3440,75,79,4,0.611,5.5,94.94,True
SR_W4_Loss05,sr,4,0.05,0.05,none,batch_file_44.txt,3510,77,83,6,1.016,3.37,92.77,True
SR_W4_Loss05,sr,4,0.05,0.05,none,batch_file_45.txt,3580,78,86,8,1.625,2.15,90.7,True
SR_W4_Loss05,sr,4,0.05,0.05,none,batch_file_46.txt,3650,80,84,4,0.612,5.82,95.24,True
SR_W4_Loss05,sr,4,0.05,0.05,none,batch_file_47.txt,3720,81,85,4,0.813,4.47,95.29,True
SR_W4_Loss05,sr,4,0.05,0.05,none,batch_file_48.txt,3790,83,90,7,1.017,3.64,92.22,True
SR_W4_Loss05,sr,4,0.05,0.05,none,batch_file_49.txt,3860,84,88,4,0.814,4.63,95.45,True
SR_W4_Loss15,sr,4,0.15,0.15,none,batch_file_43.txt,3440,75,87,12,1.828,1.84,86.21,True
SR_W4_Loss15,sr,4,0.15,0.15,none,batch_file_44.txt,3510,77,90,13,2.233,1.54,85.56,True
SR_W4_Loss15,sr,4,0.15,0.15,none,batch_file_45.txt,3580,78,93,15,2.231,1.57,83.87,True
SR_W4_Loss15,sr,4,0.15,0.15,none,batch_file_46.txt,3650,80,89,9,1.42,2.51,89.89,True
SR_W4_Loss15,sr,4,0.15,0.15,none,batch_file_47.txt,3720,81,86,5,0.814,4.46,94.19,True
SR_W4_Loss15,sr,4,0.15,0.15,none,batch_file_48.txt,3790,83,97,14,2.231,1.66,85.57,True
SR_W4_Loss15,sr,4,0.15,0.15,none,batch_file_49.txt,3860,84,102,18,2.435,1.55,82.35,True
SR_W4_Loss15,sr,4,0.15,0.15,none,batch_file_50.txt,3930,86,101,15,2.234,1.72,85.15,True
SR_W4_Loss15,sr,4,0.15,0.15,none,batch_file_01.txt,500,11,13,2,0.204,2.39,84.62,True
SR_W4_Loss15,sr,4,0.15,0.15,none,batch_file_02.txt,570,13,16,3,0.407,1.37,81.25,True
SR_W8_Ideal,sr,8,0.0,0.0,none,batch_file_46.txt,3650,80,80,0,0.003,1188.15,100.0,True
SR_W8_Ideal,sr,8,0.0,0.0,none,batch_file_47.txt,3720,81,81,0,0.002,1816.41,100.0,True
SR_W8_Ideal,sr,8,0.0,0.0,none,batch_file_48.txt,3790,83,83,0,0.003,1233.72,100.0,True
SR_W8_Ideal,sr,8,0.0,0.0,none,batch_file_49.txt,3860,84,84,0,0.002,1884.77,100.0,True
SR_W8_Ideal,sr,8,0.0,0.0,none,batch_file_50.txt,3930,86,86,0,0.003,1279.3,100.0,True
SR_W8_Ideal,sr,8,0.0,0.0,none,batch_file_01.txt,500,11,11,0,0.001,488.28,100.0,True
SR_W8_Ideal,sr,8,0.0,0.0,none,batch_file_02.txt,570,13,13,0,0.001,556.64,100.0,True
SR_W8_Ideal,sr,8,0.0,0.0,none,batch_file_03.txt,640,14,14,0,0.001,625.0,100.0,True
SR_W8_Ideal,sr,8,0.0,0.0,none,batch_file_04.txt,710,16,16,0,0.001,693.36,100.0,True
SR_W8_Ideal,sr,8,0.0,0.0,none,batch_file_05.txt,780,17,17,0,0.001,761.72,100.0,True
SR_W8_Loss10,sr,8,0.1,0.1,none,batch_file_49.txt,3860,84,91,7,1.224,3.08,92.31,True
SR_W8_Loss10,sr,8,0.1,0.1,none,batch_file_50.txt,3930,86,94,8,1.025,3.74,91.49,True
SR_W8_Loss10,sr,8,0.1,0.1,none,batch_file_01.txt,500,11,11,0,0.001,488.28,100.0,True
SR_W8_Loss10,sr,8,0.1,0.1,none,batch_file_02.txt,570,13,16,3,0.204,2.73,81.25,True
SR_W8_Loss10,sr,8,0.1,0.1,none,batch_file_03.txt,640,14,14,0,0.001,625.0,100.0,True
SR_W8_Loss10,sr,8,0.1,0.1,none,batch_file_04.txt,710,16,17,1,0.203,3.42,94.12,True
SR_W8_Loss10,sr,8,0.1,0.1,none,batch_file_05.txt,780,17,17,0,0.001,761.72,100.0,True
SR_W8_Loss10,sr,8,0.1,0.1,none,batch_file_06.txt,850,19,19,0,0.001,830.08,100.0,True
SR_W8_Loss10,sr,8,0.1,0.1,none,batch_file_07.txt,920,20,21,1,0.206,4.36,95.24,True
SR_W8_Loss10,sr,8,0.1,0.1,none,batch_file_08.txt,990,22,24,2,0.407,2.38,91.67,True
SR_CorrInject,sr,4,0.0,0.0,corr_2,batch_file_02.txt,570,13,13,0,0.001,556.64,100.0,True
SR_CorrInject,sr,4,0.0,0.0,corr_2,batch_file_03.txt,640,14,14,0,0.001,625.0,100.0,True
SR_CorrInject,sr,4,0.0,0.0,corr_2,batch_file_04.txt,710,16,16,0,0.001,693.36,100.0,True
SR_CorrInject,sr,4,0.0,0.0,corr_2,batch_file_05.txt,780,17,17,0,0.001,761.72,100.0,True
SR_CorrInject,sr,4,0.0,0.0,corr_2,batch_file_06.txt,850,19,19,0,0.001,830.08,100.0,True
SR_CorrInject,sr,4,0.0,0.0,corr_2,batch_file_07.txt,920,20,20,0,0.001,898.44,100.0,True
SR_CorrInject,sr,4,0.0,0.0,corr_2,batch_file_08.txt,990,22,22,0,0.001,966.8,100.0,True
SR_CorrInject,sr,4,0.0,0.0,corr_2,batch_file_09.txt,1060,24,24,0,0.001,1035.16,100.0,True
SR_CorrInject,sr,4,0.0,0.0,corr_2,batch_file_10.txt,1130,25,25,0,0.001,1103.52,100.0,True
SR_CorrInject,sr,4,0.0,0.0,corr_2,batch_file_11.txt,1200,27,27,0,0.001,1171.88,100.0,True
